,dvars,fd,outlier,quality,scan,session,subject
0,1.05684464072642,,0.0007060645161290319,0.00702732787096774,5,5,0026017
