,dvars,fd,outlier,quality,scan,session,subject
0,1.064540946419664,,0.0006956774193548383,0.007172124838709676,10,2,0026017
