,dvars,fd,outlier,quality,scan,session,subject
0,1.066602913389306,,0.0009248387096774196,0.007407410709677421,6,5,0026017
