,dvars,fd,outlier,quality,scan,session,subject
0,1.082231140377362,,0.0006473548387096773,0.007155169806451609,5,7,0026017
