,dvars,fd,outlier,quality,scan,session,subject
0,1.0803657334268002,,0.0005176129032258062,0.00843366664516129,9,7,0026017
