,dvars,fd,outlier,quality,scan,session,subject
0,1.0483951756908296,,0.0005728387096774191,0.008898217225806452,8,9,0026017
