,dvars,fd,outlier,quality,scan,session,subject
0,1.0695062214935336,,0.0009185806451612884,0.00714105161290323,4,4,0026017
