,dvars,fd,outlier,quality,scan,session,subject
0,1.0984635032379095,,0.0006724516129032259,0.007156264064516126,7,3,0026017
