,dvars,fd,outlier,quality,scan,session,subject
0,1.0531971471841135,,0.0006352258064516126,0.007381702645161287,6,6,0026017
