,dvars,fd,outlier,quality,scan,session,subject
0,1.0741138489645121,,0.0007033548387096773,0.007162466967741934,10,9,0026017
