,dvars,fd,outlier,quality,scan,session,subject
0,1.0793311692789904,,0.0007007741935483873,0.007123682903225811,7,7,0026017
