,dvars,fd,outlier,quality,scan,session,subject
0,1.0377808087174594,,0.0006640645161290322,0.007182364,4,6,0026017
