,dvars,fd,outlier,quality,scan,session,subject
0,1.071683638625829,,0.0006574193548387098,0.0075438700645161305,6,8,0026017
