,dvars,fd,outlier,quality,scan,session,subject
0,1.0926494136287455,,0.0006040000000000003,0.00742474206451613,8,10,0026017
