,dvars,fd,outlier,quality,scan,session,subject
0,1.0572077410221665,,0.0007860645161290321,0.0069434538709677385,7,2,0026017
