,dvars,fd,outlier,quality,scan,session,subject
0,1.090465574468817,,0.0007597419354838707,0.007542973161290323,9,1,0026017
