,dvars,fd,outlier,quality,scan,session,subject
0,1.081914302025848,,0.000722258064516129,0.007042752387096774,8,7,0026017
