,dvars,fd,outlier,quality,scan,session,subject
0,1.093598311920473,,0.0008431612903225801,0.007603427419354838,8,1,0026017
