,dvars,fd,outlier,quality,scan,session,subject
0,1.1010420776739724,,0.0007529032258064515,0.007191302387096773,8,3,0026017
