,dvars,fd,outlier,quality,scan,session,subject
0,1.0456535547076935,,0.0007195483870967746,0.006895568387096774,6,2,0026017
