,dvars,fd,outlier,quality,scan,session,subject
0,1.123945152178959,,0.0009972258064516128,0.006634374645161288,10,3,0026017
