,dvars,fd,outlier,quality,scan,session,subject
0,1.0625535953783354,,0.0006325161290322579,0.009316890645161289,7,6,0026017
