,dvars,fd,outlier,quality,scan,session,subject
0,1.0644518974369588,,0.0007749677419354836,0.007446464129032256,9,9,0026017
