,dvars,fd,outlier,quality,scan,session,subject
0,1.0979373627914488,,0.0006475483870967744,0.007803381354838707,10,10,0026017
