,dvars,fd,outlier,quality,scan,session,subject
0,1.1112693817280288,,0.000913161290322581,0.007512502903225799,5,10,0026017
