,dvars,fd,outlier,quality,scan,session,subject
0,1.0592126224089558,,0.000878451612903226,0.008881906322580648,7,4,0026017
