,dvars,fd,outlier,quality,scan,session,subject
0,1.0869354270521379,,0.000814967741935484,0.007143104258064515,10,1,0026017
