,dvars,fd,outlier,quality,scan,session,subject
0,1.050571558238153,,0.0006141290322580645,0.007043215870967742,4,2,0026017
