,dvars,fd,outlier,quality,scan,session,subject
0,1.0806025080537531,,0.0007269032258064517,0.006757123032258064,7,5,0026017
