,dvars,fd,outlier,quality,scan,session,subject
0,1.0556747025617808,,0.0007629032258064513,0.006907931225806448,4,5,0026017
