,dvars,fd,outlier,quality,scan,session,subject
0,1.0950719017054358,,0.0008756129032258074,0.00773785516129032,10,7,0026017
