,dvars,fd,outlier,quality,scan,session,subject
0,1.0921423953909988,,0.0008895483870967742,0.007864807806451615,7,1,0026017
