,dvars,fd,outlier,quality,scan,session,subject
0,1.060736003268617,,0.0006069032258064516,0.007373425612903223,5,8,0026017
