,dvars,fd,outlier,quality,scan,session,subject
0,1.095159046931208,,0.0007221290322580647,0.008394295741935481,7,10,0026017
