,dvars,fd,outlier,quality,scan,session,subject
0,1.0661811118028452,,0.0005960000000000001,0.007312781806451614,9,5,0026017
