,dvars,fd,outlier,quality,scan,session,subject
0,1.0444660054242467,,0.0006363870967741935,0.008622980193548386,6,4,0026017
