,dvars,fd,outlier,quality,scan,session,subject
0,1.0660988088991006,,0.0006185806451612901,0.006931020967741936,8,8,0026017
