,dvars,fd,outlier,quality,scan,session,subject
0,1.0474396288631995,,0.0008751612903225808,0.0072266818064516125,5,6,0026017
