,dvars,fd,outlier,quality,scan,session,subject
0,1.0657941799730344,,0.00058,0.010151811612903228,9,6,0026017
