,dvars,fd,outlier,quality,scan,session,subject
0,1.1027548012267905,,0.0006394838709677423,0.0074171114193548405,9,10,0026017
