,dvars,fd,outlier,quality,scan,session,subject
0,1.0437647466800515,,0.0006210322580645159,0.0073125371612903205,4,9,0026017
