,dvars,fd,outlier,quality,scan,session,subject
0,1.079230326362653,,0.0007001290322580643,0.006709768258064517,10,5,0026017
