,dvars,fd,outlier,quality,scan,session,subject
0,1.0650347359761811,,0.0006549032258064517,0.008154048129032254,7,9,0026017
