,dvars,fd,outlier,quality,scan,session,subject
0,1.0715318692463125,,0.0006861290322580647,0.006891051032258067,8,5,0026017
