,dvars,fd,outlier,quality,scan,session,subject
0,1.0629688988619526,,0.0006456129032258072,0.007405133161290324,8,2,0026017
