,dvars,fd,outlier,quality,scan,session,subject
0,1.0514517333628997,,0.000610774193548387,0.008423835161290322,8,6,0026017
