,dvars,fd,outlier,quality,scan,session,subject
0,1.0501575200719584,,0.0007204516129032258,0.008537985290322576,6,9,0026017
