,dvars,fd,outlier,quality,scan,session,subject
0,1.0568515261662876,,0.0006608387096774202,0.00738768283870968,10,6,0026017
