,dvars,fd,outlier,quality,scan,session,subject
0,1.1082681497340279,,0.0018426451612903224,0.007599648064516126,4,3,0026017
