,dvars,fd,outlier,quality,scan,session,subject
0,1.0705637180505583,,0.0008693548387096775,0.008279329483870971,8,4,0026017
