,dvars,fd,outlier,quality,scan,session,subject
0,1.0814066294763283,,0.000663741935483871,0.008718311161290323,5,3,0026017
