,dvars,fd,outlier,quality,scan,session,subject
0,1.1089079772048254,,0.0007429677419354843,0.00763442251612903,9,2,0026017
