,dvars,fd,outlier,quality,scan,session,subject
0,1.0733975773868738,,0.0006156129032258065,0.007964042838709677,7,8,0026017
