,dvars,fd,outlier,quality,scan,session,subject
0,1.1088550481721886,,0.001021806451612903,0.007880667677419354,4,10,0026017
