,dvars,fd,outlier,quality,scan,session,subject
0,1.0658573349117326,,0.0005508387096774194,0.007375993354838708,6,7,0026017
