,dvars,fd,outlier,quality,scan,session,subject
0,1.0961171179575813,,0.0006157419354838707,0.007338245612903227,6,10,0026017
