,dvars,fd,outlier,quality,scan,session,subject
0,1.0762055634685563,,0.0007067096774193547,0.007358418129032258,9,8,0026017
