,dvars,fd,outlier,quality,scan,session,subject
0,1.0728662879667663,,0.0008899354838709678,0.007210480903225807,5,4,0026017
