,dvars,fd,outlier,quality,scan,session,subject
0,1.0287268404877365,,0.0006732258064516128,0.011121618064516125,10,4,0026017
