,dvars,fd,outlier,quality,scan,session,subject
0,1.1009704832069955,,0.0005305806451612907,0.00693870987096774,9,3,0026017
