,dvars,fd,outlier,quality,scan,session,subject
0,1.041904992836307,,0.0005775483870967749,0.007568135032258065,4,8,0026017
