,dvars,fd,outlier,quality,scan,session,subject
0,1.0541523504947816,,0.0007603870967741935,0.00958347064516129,9,4,0026017
