,dvars,fd,outlier,quality,scan,session,subject
0,1.1024485165773397,,0.0007789032258064518,0.0074426252258064495,6,3,0026017
