,dvars,fd,outlier,quality,scan,session,subject
0,1.0320878358524161,,0.0005494838709677416,0.00858715948387097,5,9,0026017
