,dvars,fd,outlier,quality,scan,session,subject
0,1.0484637624646498,,0.0006918064516129032,0.007020920064516129,5,2,0026017
