,dvars,fd,outlier,quality,scan,session,subject
0,1.0868820736106897,,0.0006443225806451613,0.007567707290322581,10,8,0026017
