,dvars,fd,outlier,quality,scan,session,subject
0,1.0448643640029498,,0.0005474838709677422,0.007902042838709676,4,7,0026017
