,bg_mean,bg_size,bg_std,cnr,csf_mean,csf_size,csf_std,efc,fber,fg_mean,fg_size,fg_std,fwhm,fwhm_x,fwhm_y,fwhm_z,ghost_x,ghost_y,ghost_z,gm_mean,gm_size,gm_std,scan,session,snr,subject,wm_mean,wm_size,wm_std
0,63.88940238776758,87257,89.63581288433672,,,,,0.48336382634791325,67.52303127805239,881.1438905294872,15143,204.30165685922682,1.8500546624738412,1.9168257142857144,2.107271285024964,1.5676570360689819,-0.0022047776810587326,0.03535942409784279,,,,,1,14,9.83026607530729,0026044,,,
1,58.35387888653788,87149,91.0302509259004,,,,,0.4583341784340087,87.51165341977111,988.1317267320045,15251,216.11764376738705,1.714050678365516,1.7844057142857144,1.9723657142857143,1.4308285714285716,0.007508672838566907,0.030082031804149565,,,,,1,14,10.854981906359395,0026045,,,
