,bg_mean,bg_size,bg_std,cnr,csf_mean,csf_size,csf_std,efc,fber,fg_mean,fg_size,fg_std,fwhm,fwhm_x,fwhm_y,fwhm_z,ghost_x,ghost_y,ghost_z,gm_mean,gm_size,gm_std,scan,session,snr,subject,wm_mean,wm_size,wm_std
0,68.2885290914512,87342,98.13928044042773,,,,,0.4828266042817366,64.54308586424969,936.7270015114126,15058,212.81233256068157,1.7619722380226344,1.8173514285714287,2.0190429946792463,1.4907858158374387,-0.002810485785894914,0.03603894613729352,,,,,3,12,9.544873340293364,0026044,,,
1,60.96369593097321,87033,97.91626112268669,,,,,0.4610715409469916,79.75826403275123,1006.7810756144421,15367,217.59892175065008,1.702952477508042,1.7964998776231575,1.9694655801265186,1.3958285714285714,0.007049160035308211,0.029160655407054255,,,,,3,12,10.28206208111817,0026045,,,
