,bg_mean,bg_size,bg_std,cnr,csf_mean,csf_size,csf_std,efc,fber,fg_mean,fg_size,fg_std,fwhm,fwhm_x,fwhm_y,fwhm_z,ghost_x,ghost_y,ghost_z,gm_mean,gm_size,gm_std,scan,session,snr,subject,wm_mean,wm_size,wm_std
0,65.40313641507343,87362,94.22331511120593,,,,,0.48123712531816726,66.05837747598808,909.2076358640427,15038,206.01433636702552,1.7807850173180586,1.8403942857142856,2.033282718636464,1.509128468627353,0.0012756645299264525,0.035648592410139096,,,,,2,15,9.649497417820221,0026044,,,
1,60.292958756348845,86948,95.81950473559719,,,,,0.46121474946355534,82.32330926122286,1004.506537868481,15452,214.23567866988049,1.6628320505422822,1.7394314285714285,1.914494155299721,1.3806540976150925,0.008625652104606939,0.028607326069312686,,,,,2,15,10.483320078102055,0026045,,,
