,bg_mean,bg_size,bg_std,cnr,csf_mean,csf_size,csf_std,efc,fber,fg_mean,fg_size,fg_std,fwhm,fwhm_x,fwhm_y,fwhm_z,ghost_x,ghost_y,ghost_z,gm_mean,gm_size,gm_std,scan,session,snr,subject,wm_mean,wm_size,wm_std
0,60.35001730460879,87438,86.50921491153113,,,,,0.47866056239328164,68.69274753795662,850.9655775649712,14962,200.3741798053116,1.9112673202578758,1.9657085714285714,2.1876572918794692,1.623557253453204,0.005687439640446797,0.04068197698781146,,,,,3,13,9.836704430102774,0026044,,,
1,60.575806882487264,86907,93.27087948087501,,,,,0.4628917208618575,84.65860906506057,999.208054674208,15493,220.67050616904595,1.7652037333091115,1.8475514285714285,2.0190858518250225,1.4744572432965717,0.004067284492872575,0.026168866852884384,,,,,3,13,10.712969152168158,0026045,,,
