,bg_mean,bg_size,bg_std,cnr,csf_mean,csf_size,csf_std,efc,fber,fg_mean,fg_size,fg_std,fwhm,fwhm_x,fwhm_y,fwhm_z,ghost_x,ghost_y,ghost_z,gm_mean,gm_size,gm_std,scan,session,snr,subject,wm_mean,wm_size,wm_std
0,67.66291094911955,87266,97.0179234848734,,,,,0.48317323436235027,65.05833273581348,930.4728592718484,15134,211.12519811797998,1.7682356695884238,1.8147542857142855,2.0521972826519885,1.484514386838803,-0.0028663379944014215,0.03661450271518641,,,,,1,12,9.590731545773844,0026044,,,
1,59.24514438457455,87107,93.9619633466285,,,,,0.4587637047859281,84.54635365517933,998.2307382198356,15293,216.12552742803086,1.6957025902703338,1.7794255930719654,1.9616112949472635,1.396872857142857,0.006882400056018723,0.027531406199367264,,,,,1,12,10.623774798503652,0026045,,,
