,bg_mean,bg_size,bg_std,cnr,csf_mean,csf_size,csf_std,efc,fber,fg_mean,fg_size,fg_std,fwhm,fwhm_x,fwhm_y,fwhm_z,ghost_x,ghost_y,ghost_z,gm_mean,gm_size,gm_std,scan,session,snr,subject,wm_mean,wm_size,wm_std
0,63.63599073500113,87128,90.11445599834428,,,,,0.48486660645892427,65.76480924402205,872.157549563848,15272,199.29356785416195,1.844210758998216,1.89044,2.1376312829568533,1.5521570371248357,-0.0026189298960871384,0.0415782759405145,,,,,3,14,9.678331183399393,0026044,,,
1,60.22382272034009,87087,94.03384512880386,,,,,0.46053888197831805,84.18401602400391,1000.7496180056373,15313,219.18466746480894,1.7198401566632542,1.7861,1.969602857142857,1.446042857142857,0.007223537940750738,0.029456372605240616,,,,,3,14,10.642440672662591,0026045,,,
